slug,old_title,new_title,old_description,new_description
indonesia-dry-season-2026,When Will the 2026 Rainy Season End in Indonesia? BMKG's Latest Forecast: Bali and Java Dry Season Travel Guide,Bali Dry Season 2026: When It Really Starts (Local's Guide),"The Indonesian Meteorological Agency (BMKG) predicts that the 2026 rainy season will end earlier than usual! This article provides the latest seasonal transition schedule for Java and Bali. Want to know about climate changes from April to October and how to plan a cross-sea trip between these two islands? Follow our analysis to seize this year's driest and most stable golden travel period, and embark on your rain-free Indonesian adventure.",BMKG's 2026 forecast: Bali and Java's dry season starts earlier than usual. Here's the month breakdown and how to plan an island-hopping trip around it.
2026-03-18-bali-gojek-grab-guide,Essential Apps for Indonesia/Bali: A Visual Guide to Using Gojek & Grab,Gojek vs Grab in Bali 2026: Prices & Airport Pickup Tips,"How to Use Gojek & Grab. When traveling in Bali, Gojek and Grab are two must-have 'national apps' with extremely similar features and interfaces, much like two different branded versions of Uber.","Gojek or Grab: which is cheaper in Bali? We compare fares, no-pickup zones, airport rules, and app setup so you book your first ride without overpaying."
Nyepi-ogoh-ogoh-2027,2027 Bali Nyepi Day Complete Guide: From Ogoh-ogoh Festivities to 24 Hours of Silence + Resort Recommendations,Nyepi 2027 in Bali: Exact Date & What Actually Closes,"Island-wide internet blackout, airport closure! 2027 Bali Nyepi Day is arriving in March. This article honestly packs the most complete local guide: from the thrilling Ogoh-ogoh demon statue parade the night before, to the absolute silence with no lights for 24 hours. We've handpicked the island's top resorts offering ""stay-in, blissfully unwind"" Nyepi Day packages, letting you experience the purest soul of the Island of the Gods!","Bali's Day of Silence returns in March 2027 with an island lockdown and internet blackout. Here's the exact date, Ogoh-ogoh schedule, and open resorts."
ayana-resort-bali-guide,AYANA Resort Bali｜Complete Guide: Comparing 4 Areas & Rock Bar Sunset Reservations 2026 - Go Bali Go,AYANA Bali Guide 2026: Which of the 4 Areas to Book,"Bali's most famous resort! AYANA Resort Bali features four highlights: Segara, RIMBA, Villas, and Rock Bar. This complete guide compares the pros and cons of each area, teaches you how to reserve a spot at the world's most beautiful Rock Bar, and ensures a perfect Jimbaran vacation without any pitfalls!","AYANA Resort Bali spans four areas: Segara, RIMBA, Villas, and Rock Bar. We compare the pros, cons, and prices, plus how to snag a Rock Bar sunset seat."
bali-mangosteen-season,The Queen of Tropical Fruits: Mangosteen Season in Indonesia/Bali,"Mangosteen Season in Bali 2026: When, Where & Prices",Mangosteen is one of the most abundantly produced tropical fruits in Indonesia. When is the season for this sweet and tangy fruit each year?,"Bali's mangosteen season peaks January-April, when prices drop to around Rp 10,000/kg. Here's when to buy, where to find the best fruit, and fair prices."
2026-bali-festival-guide,2026 Indonesia National Holidays & Bali Festivals Complete Guide: A Year of Exciting Events at a Glance!,Bali Festival Calendar 2026: Every Major Event & Date,"Bali, this enchanting tropical paradise in the South Seas, will welcome travelers seeking inspiration and celebration in 2026 with a vibrant array of cultural festivals. Whether you want to avoid the crowds or immerse yourself in local festivities, this guide will light your way and lead you to experience the island's unique vitality and rhythm. Embark now to explore the brilliant and passionate colors of Bali's soul! For those looking to avoid Bali's five peak seasons, please refer to",Bali's festival dates shift every year on the Balinese and Islamic calendars. This 2026 guide lists exact dates to plan your trip around or into.
bali-medication-import-guide,Important Notes on Bringing Sleeping Pills/Special Prescription Medications to Indonesia/Bali,Bringing Medication into Bali 2026: Rules & Declaration,Indonesia/Bali has very strict drug regulations. Some medications and sleeping pills that are legal prescription drugs in your country are considered controlled substances here! Read this guide to learn how to bring sleeping pills and prescription medications into Bali/Indonesia.,"Some legal prescription drugs back home, including sleeping pills, count as controlled substances in Indonesia. Here's what's banned and how to declare it."
bali-rock-bar-reservation-guide,"How to Reserve Rock Bar in Jimbaran, Bali? Complete Experience Guide!",Rock Bar Bali: How to Get a Sunset Seat (2026 Guide),"Planning to visit a world-class sunset bar? This article provides a comprehensive explanation of the reservation system at Rock Bar, part of AYANA Resort: from guest priority, non-guest queuing tips, to the latest minimum spend standards. It includes a guide to taking the cable car to the cliffside bar, dress code restrictions, and the best arrival times to avoid crowds, ensuring your Jimbaran sunset experience is both elegant and smooth.","Rock Bar at AYANA is Bali's hardest sunset reservation. This guide covers guest vs. non-guest booking, minimum spend, dress code, and best arrival time."
nusa-penida-transport-guide,"Nusa Penida Transportation Guide: Taxis, Gojek/Grab, Private Drivers, and Scooters","Getting Around Nusa Penida 2026: Drivers, Gojek & Scooters","This article covers the availability of ride-hailing apps like Gojek and Grab on Nusa Penida, along with the best ways to get from the port to your hotel. It also offers tips on renting a scooter or hiring a private driver, helping you decide which option is best for exploring the island.","Nusa Penida has no reliable Grab or Gojek past the port. Here's how private drivers, scooter rentals, and taxis work on the island, with prices for each."
nuanu-creative-city-luna-guide,【2026 Bali's New Landmark】Nuanu Creative City Complete Guide: LUNA Beach Club & Light Art Collection,Nuanu Creative City & LUNA Beach Club 2026: Full Guide,"Explore Bali's latest creative and sustainable city, Nuanu! This article provides a comprehensive guide to must-visit spots in Nuanu Creative City, including the globally acclaimed LUNA Beach Club, immersive light art towers, and the seaside eco-park. Step into this futuristic city that blends technology, art, and nature, and experience a new pinnacle of Bali tourism.","Bali's newest creative district blends art, sustainability, and a beach club that's gone viral. Here's what to see, how to visit, and if it's worth it."
indonesia-gojek-gopay-guide,"Grab or Gojek? A Comprehensive Guide to Registering, Using, and Topping Up Gojek and GoPay in Indonesia/Bali",GoPay for Tourists 2026: Set Up Gojek Payments in Bali,"When traveling or living in Indonesia or Bali, the name Gojek is undoubtedly familiar to everyone. As one of Indonesia's most popular sharing economy platforms, Gojek offers not only transportation services but also various food delivery, shopping, and financial payment services. One of its key features is its closely integrated payment system—GoPay. This article will delve into all aspects of Gojek and GoPay, providing you with a detailed guide on how to register and use these services.","GoPay is Bali's most useful app wallet, but signing up as a tourist trips people up. Here's how to register, top up, and pay with Gojek for rides and food."
bali-all-indonesia-arrival-guide,【2026 Edition】Using the 'All Indonesia' Arrival Card for Bali Entry｜1-Minute Guide to the Latest Process: From Landing to Customs to Baggage Claim,All Indonesia Arrival Card 2026: Step-by-Step Guide,"Planning a trip to Bali in 2026? Here's a complete breakdown of the latest Electronic Customs Declaration (ECD) and 'All Indonesia' system. This illustrated guide walks you through the newest procedures at Ngurah Rai International Airport (DPS): from disembarking, scanning QR codes, clearing customs, to collecting your luggage. Updated tips on tourist tax payment and Visa on Arrival (VoA) processing to help you breeze through immigration and start your perfect island getaway.","Landing in Bali now means scanning a QR code before customs. This walkthrough covers the arrival card, tourist tax, and Visa on Arrival in minutes."
seminyak-eat-street-guide,50+ Seminyak Eat Street Food Guide | Complete Jalan Kayu Aya Restaurant Map,Seminyak Eat Street 2026: 50+ Restaurants Reviewed,"How to eat your way through Seminyak's Eat Street? This article compiles a guide to over 50 must-try restaurants, brunch spots, and wine bars along Jalan Kayu Aya. Includes Instagram-famous cafes, international creative cuisine, and trusted hidden gems. Comes with a complete Google Map food guide and walking route suggestions, helping you effortlessly become a foodie in Bali's most vibrant district—no more restaurant indecision!","Jalan Kayu Aya packs in over 50 cafes, brunch spots, and wine bars. This guide sorts Instagram-famous places from local favorites, with a map and route."
ubud-airport-transport-tips,How long does it take to get from Ubud to Bali International Airport? How to prepare and avoid missing your flight,Ubud to Bali Airport 2026: How Long It Really Takes,"Bali's traffic can be unpredictable, especially on the route from Ubud to the airport, where you might encounter religious ceremonies, sudden traffic jams, or road construction, making this relatively short journey hard to estimate. To ensure you don't miss your flight, this article provides a complete itinerary and time management tips for traveling from Ubud to Bali International Airport, allowing your final day to be both flexible and stress-free.","Ceremonies, road works, and Ubud's traffic can turn a 'short' airport run into a flight-missing gamble. Realistic travel times and tips for your last day."
tax-refund,Bali (Indonesia) Complete Guide to VAT Refund for Tourists,Bali Tax Refund 2026: How to Claim 11% VAT at the Airport,"Save money while shopping in Bali! A deep dive into Indonesia's VAT Refund for Tourists system: Includes minimum spending thresholds, approved store logos, airport procedures, and required documents. This guide highlights the latest 2026 refund deadlines and collection methods, teaching you how to elegantly reclaim 11% VAT at Ngurah Rai Airport, making your island shopping spree more cost-effective.","Shopping in Bali? Tourists can reclaim 11% VAT on qualifying purchases. This guide covers minimum spend, approved stores, documents, and refund process."
bali-e-customs-declaration,【2025 Latest】How to Fill Out Bali's Electronic Customs Declaration Form? Complete eCD Process Guide for Smooth Entry,Bali E-Customs Declaration 2026: How to Fill It Out,Essential for Your Bali Trip! Learn How to Correctly Fill Out the Electronic Customs Declaration Form to Avoid Entry Delays or Fines. Step-by-Step Visual Guide and FAQs Explained.,Every visitor now files an Electronic Customs Declaration before landing in Bali. This visual guide shows exactly what to enter and common mistakes.
bali-child-visa-guide,Entry Requirements for Children Traveling to Indonesia/Bali,"Bali Visa for Children 2026: Rules, Fees & Family Tips","Taking a family vacation to Bali is a dream for many families. However, visa issues often cause headaches for parents before departure, especially questions like ""What visa does my child need?"" and ""Does the whole family need to queue for visa on arrival together?"" This article will answer all your questions, ensuring your family trip starts smoothly from the moment you arrive!","Traveling to Bali with kids? Does your child need their own visa, can the family queue together on arrival? This guide answers both, with fees to expect."
family,"【2026 Winter/Summer Vacation in Bali】Family Travel Guide: Top 4 Areas, Dry Season Weather & Accommodation Recommendations","Family Trip to Bali 2026: Best Areas, Weather & Hotels","Is the weather good in Bali during summer vacation? Where should families with kids stay? What should you consider when traveling with elderly relatives? This article covers everything: July dry season weather in Bali, the top 4 family-friendly areas (Sanur/Seminyak/Ubud/Nusa Dua), essential tips for traveling with seniors, and a limited-time accommodation offer at Kempinski Nusa Dua. Whether you're traveling with kids or multiple generations, you'll find it easy to plan a Bali trip that suits the whole family.","Planning a family holiday to Bali? Compare the top 4 family-friendly areas, the dry season outlook, and tips for traveling with kids or grandparents."
bali-chinese-temples-guide,Six Chinese Temples/Buddhist Temples in Bali: Experience Zen and Chinese Culture on the Island \U0001F338,6 Chinese Temples in Bali: A Local's Guide to Visiting,"Bali is famous for its Hindu temples, but scattered across the island are also several Chinese Buddhist temples filled with Eastern charm. These temples not only showcase the historical traces of Chinese immigrants in Bali but also serve as unique corners for travelers seeking tranquility and cultural fusion. Below, we introduce six temples/Buddhist temples in Bali worth visiting \U0001F447",Bali isn't only Hindu temples. Scattered across the island are Chinese Buddhist temples tracing back to early immigrants. Here are 6 worth visiting.
jimbaran-seafood-restaurants-list,"【Jimbaran Seafood Recommendations】11 Must-Try Scenic Restaurants: Sunset Views with Grilled Lobster, Transparent Pricing, and Local Favorites",Jimbaran Seafood 2026: 11 Best Restaurants & Prices,"Want to enjoy a romantic sunset seafood feast on Jimbaran Beach? This article reviews 11 highly-rated Jimbaran seafood restaurants, including top scenic spots where you can dine on the sand while watching the sunset, quality establishments known for their transparent weighing practices, and affordable local gems away from the tourist hotspots. With tips on ordering, the latest price ranges, and transportation advice, you'll easily avoid tourist traps!","Jimbaran's beachfront seafood scene is famous, but overpriced traps are common. Here are 11 restaurants worth booking, from sunset spots to local gems."
tirta-empul-temple-guide,"【Tirta Empul Holy Water Temple】Complete Guide: Thousand-Year Purification Ritual Process, Taboos, and Must-See Highlights",Tirta Empul Temple 2026: Purification Ritual & Dress Code,"Step into Bali's most sacred water temple! This article provides a detailed analysis of the historical background of Tirta Empul and the complete steps of the Melukat purification ritual. It includes how to obtain a sarong, the order of offerings, legends about the spring's healing powers, and religious taboos for entering the temple. Experience the healing power of the holy spring water in this thousand-year-old temple.","Tirta Empul is Bali's most sacred water temple, famous for its Melukat purification ritual. This guide covers the steps, sarong rental, and temple taboos."
